loss,iteration
0.961946924701333,199
0.9705863489583134,598
1.050033444017172,1197
0.9965574803948403,1996
1.0048234073072673,2995
1.0087154037505388,4194
0.9765455130115152,5593
