loss,iteration
1.6366448751091958,199
1.5279053953289985,598
1.3336702811717986,1197
1.371510008275509,1996
1.2958485519886016,2995
1.3649527269601822,4194
1.238854359984398,5593
1.317321429848671,7192
1.3134017510712146,8991
1.2717381045222282,10990
1.2708692606538534,13189
1.345174028724432,15588
