loss,iteration
1.3952277293801307,199
1.2202878227829934,598
1.1537093889713288,1197
1.1105653640627862,1396
1.1121920496225357,1795
1.1191373357176782,2394
1.0658589473366737,2593
1.0635804039239884,2992
1.0635778410732746,3591
1.0509174904227256,3790
1.0469799372553825,4189
1.0527605232596398,4788
1.0188931405544281,4987
1.0307101933658123,5386
1.0532326769828797,5985
