loss,iteration
1.617683236002922,199
1.5731838130950928,598
1.5143730461597442,1197
1.309111868739128,1396
1.169205369055271,1795
1.0170118054747581,2394
0.4094005412980914,2593
0.370494897402823,2992
0.35285159550607204,3591
0.05764566815574654,3790
0.05262879970658105,4189
0.06295671785977902,4788
0.0070818873246753355,4987
0.018719474101271772,5386
0.009597110657778104,5985
