loss,iteration
1.6195159900188445,99
1.583323496580124,298
1.5757830834388733,597
1.5535365200042726,696
1.5516536128520966,895
1.4950380003452302,1194
1.4049737703800202,1293
1.3594407922029494,1492
1.2795167982578277,1791
0.8927246153354644,1890
0.7824915805459023,2089
0.7319508224725724,2388
0.27614892479032277,2487
0.266483898460865,2686
0.25360240451991556,2985
