loss,iteration
1.6433163756132125,199
1.5969522398710252,598
1.590079265832901,1197
1.5929787641763686,1996
1.5615454733371734,2995
1.5814552015066148,4194
1.5861337971687317,5593
1.5740558743476867,7192
1.5750956594944001,8991
1.551001945734024,10990
1.5928220850229264,13189
1.564185528755188,15588
