loss,iteration
1.432096953392029,99
1.2351953947544099,298
1.1785497158765792,597
1.0723912090063095,696
1.111305497288704,895
1.1128723913431167,1194
1.0550033563375474,1293
1.0376949393749237,1492
1.044330872297287,1791
1.0421751409769058,1890
1.038840464949608,2089
1.0220816457271575,2388
1.0010197854042053,2487
1.0184417688846588,2686
1.0271167904138565,2985
